[{"id": "5216444518412@s.whatsapp.net", "name": "Raniro", "age": "18", "time": "31/03 17:50:11", "serial" : "12390bb9a9faa6a45fbc"}, {"id": "5216444518412@s.whatsapp.net", "nombre": "RRR", "edad": "18", "hora": "31/03 18:12:20 "," serial ":" aac04e0f36170463ed56 "}, {" id ":" 5216444518412@s.whatsapp.net "," name ":" Ramiro Ramos "," age ":" 18 "," time ":" 31/03 18:33:00 "," serial ":" 9e40288773b14bfb9487 "}, {" id ":" 5216444518412@s.whatsapp.net "," name ":" Ramiro Ramos "," age ":" 18 "," hora ":" 31/03 18:39:01 "," serial ":"2e634acce4db40330b90 "}, {" id ":" 5216444518412@s.whatsapp.net "," name ":" Ramiro_Ramos "," age ":" 18 "," time ":" 31/03 18:39:23 ", "serial": "c3595fd2766b15226b9d"}, {"id": "5216444518412@s.whatsapp.net", "name": "Ramiro Ramos", "age": "18", "time": "31/03 19: 06:09 "," serial ":" c551fc3f8be0f607fead "}, {" id ":" 5216444518412@s.whatsapp.net "," name ":" RRR "," age ":" 18 "," time ":" 31/03 19:23:45 "," serial ":" abbca92fdd1b9e6c1331 "}, {" id ":" 5216444518412@s.whatsapp.net "," name ":" Ramiro_Ramos "," age ":" 18 "," hora ":" 31/03 23:02:49 "," serial ":" 24b9add6f6d0528530e2 "}, {" id ":" 5216444518412@s.whatsapp.net "," name ":" Ramiro Ramos "," age ":" 18 "," time ":" 31 / 03 23:25:57 "," serial ":" 8d47e3dc2dbc62b26bef "}, {" id ":" 5216444518412@s.whatsapp.net "," name ":" Ramiro_Ramos "," age ":" 18 "," time ":" 31/03 23:26:33 "," serial ":" 2397de5f6835d6ebf93e "}, {" id ":" 5216444518412@s.whatsapp.net "," nombre ":" Ramiro Ramos "," edad ":" 18 "," time ":" 05/04 21:10:35 "," serial ":" 612db1eae05fcb52ae31 "}, {" id ":" 5216444518412@s.whatsapp.net "," name ":" Ramiro ", "edad": "18", "time ":" 05/04 22:04:53 "," serial ":" cbc3f15f1f646a3b5d2f "}]