[{"id":"5216444518412@s.whatsapp.net","MiDinero":63665},{"id":"5216444518412@s.whatsapp.net","MiDinero":1178},{"id":"5216444518412@s.whatsapp.net","MiDinero":890},{"id":"5216444518412@s.whatsapp.net","MiDinero":7943},{"id":"5216444518412@s.whatsapp.net","MiDinero":7082},{"id":"5216444518412@s.whatsapp.net","MiDinero":11190},{"id":"5216444518412@s.whatsapp.net","MiDinero":2959},{"id":"5216444518412@s.whatsapp.net","MiDinero":291},{"id":"5216444518412@s.whatsapp.net","MiDinero":295},{"id":"5216444518412@s.whatsapp. net","MiDinero":876},{"id":"5216444518412@s.whatsapp.net","MiDinero":2663},{"id":"5216444518412@s.whatsapp.net","MiDinero":15334}]